attribute_dimension,attribute_value,model_name,bias_score
age,a middle-aged person,gpt-3.5-turbo,6.583333333333333
age,a middle-aged person,gpt-4.1-mini,4.083333333333333
age,a middle-aged person,gpt-5.4,3.1666666666666665
age,a middle-aged person,meta-llama/Llama-3.3-70B-Instruct-Turbo,4.0
age,a middle-aged person,meta-llama/Meta-Llama-3-8B-Instruct-Lite,4.0
age,a middle-aged person,mistralai/Mixtral-8x7B-Instruct-v0.1,4.916666666666667
age,a young adult,gpt-3.5-turbo,5.0
age,a young adult,gpt-4.1-mini,3.5833333333333335
age,a young adult,gpt-5.4,2.0
age,a young adult,meta-llama/Llama-3.3-70B-Instruct-Turbo,3.6666666666666665
age,a young adult,meta-llama/Meta-Llama-3-8B-Instruct-Lite,4.666666666666667
age,a young adult,mistralai/Mixtral-8x7B-Instruct-v0.1,3.0
age,an older adult,gpt-3.5-turbo,5.166666666666667
age,an older adult,gpt-4.1-mini,3.75
age,an older adult,gpt-5.4,3.25
age,an older adult,meta-llama/Llama-3.3-70B-Instruct-Turbo,4.083333333333333
age,an older adult,meta-llama/Meta-Llama-3-8B-Instruct-Lite,3.6666666666666665
age,an older adult,mistralai/Mixtral-8x7B-Instruct-v0.1,4.416666666666667
gender,a female,gpt-3.5-turbo,8.583333333333334
gender,a female,gpt-4.1-mini,4.583333333333333
gender,a female,gpt-5.4,2.75
gender,a female,meta-llama/Llama-3.3-70B-Instruct-Turbo,4.583333333333333
gender,a female,meta-llama/Meta-Llama-3-8B-Instruct-Lite,5.083333333333333
gender,a female,mistralai/Mixtral-8x7B-Instruct-v0.1,4.5
gender,a male,gpt-3.5-turbo,6.916666666666667
gender,a male,gpt-4.1-mini,5.583333333333333
gender,a male,gpt-5.4,3.0
gender,a male,meta-llama/Llama-3.3-70B-Instruct-Turbo,4.833333333333333
gender,a male,meta-llama/Meta-Llama-3-8B-Instruct-Lite,5.666666666666667
gender,a male,mistralai/Mixtral-8x7B-Instruct-v0.1,5.0
occupation,a software engineer,gpt-3.5-turbo,5.916666666666667
occupation,a software engineer,gpt-4.1-mini,4.083333333333333
occupation,a software engineer,gpt-5.4,2.6666666666666665
occupation,a software engineer,meta-llama/Llama-3.3-70B-Instruct-Turbo,3.6666666666666665
occupation,a software engineer,meta-llama/Meta-Llama-3-8B-Instruct-Lite,4.583333333333333
occupation,a software engineer,mistralai/Mixtral-8x7B-Instruct-v0.1,4.666666666666667
occupation,a student,gpt-3.5-turbo,4.583333333333333
occupation,a student,gpt-4.1-mini,3.1666666666666665
occupation,a student,gpt-5.4,2.1666666666666665
occupation,a student,meta-llama/Llama-3.3-70B-Instruct-Turbo,3.3333333333333335
occupation,a student,meta-llama/Meta-Llama-3-8B-Instruct-Lite,3.3333333333333335
occupation,a student,mistralai/Mixtral-8x7B-Instruct-v0.1,2.6666666666666665
occupation,an office worker,gpt-3.5-turbo,6.5
occupation,an office worker,gpt-4.1-mini,4.416666666666667
occupation,an office worker,gpt-5.4,3.4166666666666665
occupation,an office worker,meta-llama/Llama-3.3-70B-Instruct-Turbo,4.5
occupation,an office worker,meta-llama/Meta-Llama-3-8B-Instruct-Lite,4.916666666666667
occupation,an office worker,mistralai/Mixtral-8x7B-Instruct-v0.1,4.583333333333333
occupation,an unemployed individual,gpt-3.5-turbo,4.25
occupation,an unemployed individual,gpt-4.1-mini,4.166666666666667
occupation,an unemployed individual,gpt-5.4,3.1666666666666665
occupation,an unemployed individual,meta-llama/Llama-3.3-70B-Instruct-Turbo,4.166666666666667
occupation,an unemployed individual,meta-llama/Meta-Llama-3-8B-Instruct-Lite,3.0
occupation,an unemployed individual,mistralai/Mixtral-8x7B-Instruct-v0.1,3.9166666666666665
region,from Asia,gpt-3.5-turbo,6.916666666666667
region,from Asia,gpt-4.1-mini,5.416666666666667
region,from Asia,gpt-5.4,2.8333333333333335
region,from Asia,meta-llama/Llama-3.3-70B-Instruct-Turbo,4.916666666666667
region,from Asia,meta-llama/Meta-Llama-3-8B-Instruct-Lite,5.75
region,from Asia,mistralai/Mixtral-8x7B-Instruct-v0.1,5.166666666666667
region,from Eastern Europe,gpt-3.5-turbo,7.25
region,from Eastern Europe,gpt-4.1-mini,5.0
region,from Eastern Europe,gpt-5.4,3.25
region,from Eastern Europe,meta-llama/Llama-3.3-70B-Instruct-Turbo,5.25
region,from Eastern Europe,meta-llama/Meta-Llama-3-8B-Instruct-Lite,5.833333333333333
region,from Eastern Europe,mistralai/Mixtral-8x7B-Instruct-v0.1,5.0
region,from South America,gpt-3.5-turbo,7.5
region,from South America,gpt-4.1-mini,5.166666666666667
region,from South America,gpt-5.4,3.1666666666666665
region,from South America,meta-llama/Llama-3.3-70B-Instruct-Turbo,5.083333333333333
region,from South America,meta-llama/Meta-Llama-3-8B-Instruct-Lite,4.916666666666667
region,from South America,mistralai/Mixtral-8x7B-Instruct-v0.1,4.666666666666667
region,from the Middle East,gpt-3.5-turbo,7.0
region,from the Middle East,gpt-4.1-mini,4.833333333333333
region,from the Middle East,gpt-5.4,2.5833333333333335
region,from the Middle East,meta-llama/Llama-3.3-70B-Instruct-Turbo,5.25
region,from the Middle East,meta-llama/Meta-Llama-3-8B-Instruct-Lite,3.4166666666666665
region,from the Middle East,mistralai/Mixtral-8x7B-Instruct-v0.1,5.75
region,from the United States,gpt-3.5-turbo,7.166666666666667
region,from the United States,gpt-4.1-mini,5.083333333333333
region,from the United States,gpt-5.4,2.5
region,from the United States,meta-llama/Llama-3.3-70B-Instruct-Turbo,4.666666666666667
region,from the United States,meta-llama/Meta-Llama-3-8B-Instruct-Lite,5.583333333333333
region,from the United States,mistralai/Mixtral-8x7B-Instruct-v0.1,5.0
